[
    {
        "_id": "ATL_BOS_2017-01-01_11_DL_1204",
        "dofW": 7,
        "carrier": "DL",
        "origin": "ATL",
        "dest": "BOS",
        "crsdephour": 11,
        "crsdeptime": 1141,
        "depdelay": 0,
        "crsarrtime": 1409,
        "arrdelay": 0,
        "crselapsedtime": 148,
        "dist": 946
    },
    {
        "_id": "ATL_BOS_2017-01-01_13_WN_3677",
        "dofW": 7,
        "carrier": "WN",
        "origin": "ATL",
        "dest": "BOS",
        "crsdephour": 13,
        "crsdeptime": 1335,
        "depdelay": 0,
        "crsarrtime": 1600,
        "arrdelay": 0,
        "crselapsedtime": 145,
        "dist": 946
    },
    {
        "_id": "ATL_BOS_2017-01-01_14_DL_1208",
        "dofW": 7,
        "carrier": "DL",
        "origin": "ATL",
        "dest": "BOS",
        "crsdephour": 14,
        "crsdeptime": 1416,
        "depdelay": 0,
        "crsarrtime": 1644,
        "arrdelay": 0,
        "crselapsedtime": 148,
        "dist": 946
    },
    {
        "_id": "ATL_BOS_2017-01-01_16_DL_980",
        "dofW": 7,
        "carrier": "DL",
        "origin": "ATL",
        "dest": "BOS",
        "crsdephour": 16,
        "crsdeptime": 1616,
        "depdelay": 15,
        "crsarrtime": 1849,
        "arrdelay": 0,
        "crselapsedtime": 153,
        "dist": 946
    },
    {
        "_id": "ATL_BOS_2017-01-01_18_WN_461",
        "dofW": 7,
        "carrier": "WN",
        "origin": "ATL",
        "dest": "BOS",
        "crsdephour": 18,
        "crsdeptime": 1845,
        "depdelay": 0,
        "crsarrtime": 2110,
        "arrdelay": 0,
        "crselapsedtime": 145,
        "dist": 946
    }
]